<?xml version="1.0" encoding="utf-8"?>

<odoo>

    <record id="group_user_advanced" model="res.groups">

        <field name="name">Usuario Avanzado</field>
        <field name="category_id" ref="base.module_category_operations"/>
        <field name="comment">El usuario puede leer y modificar registros, pero no crear ni eliminar.</field>

    </record>

    <record id="group_user_admin" model="res.groups">

        <field name="name">Administrador del Módulo</field>
        <field name="category_id" ref="base.module_category_operations"/>
        <field name="comment">Tiene acceso completo a todas las funcionalidades del módulo.</field>

    </record>

</odoo>
